,image,width,height,depth,xmin,ymin,xmax,ymax
0,Cars0.png,500,268,3,226,125,419,173
1,Cars1.png,400,248,3,134,128,262,160
2,Cars10.png,400,225,3,140,5,303,148
3,Cars100.png,400,267,3,175,114,214,131
4,Cars101.png,400,300,3,167,202,240,220
5,Cars102.png,350,263,3,66,147,322,199
6,Cars103.png,400,196,3,189,116,202,121
7,Cars104.png,500,374,3,195,266,244,282
8,Cars105.png,400,240,3,152,147,206,159
9,Cars106.png,400,247,3,225,194,279,217
10,Cars107.png,471,270,3,141,113,311,164
11,Cars108.png,442,333,3,158,216,277,248
12,Cars109.png,400,267,3,115,116,278,153
13,Cars11.png,400,305,3,131,206,273,234
14,Cars110.png,400,267,3,286,133,328,159
15,Cars111.png,600,338,3,319,165,478,204
16,Cars112.png,240,400,3,49,135,164,191
17,Cars113.png,400,300,3,151,113,306,180
18,Cars114.png,500,300,3,7,16,493,256
19,Cars115.png,507,388,3,315,287,407,311
20,Cars116.png,400,332,3,149,218,267,247
21,Cars117.png,400,185,3,42,126,86,137
22,Cars118.png,600,375,3,193,165,394,217
23,Cars119.png,400,247,3,187,140,217,153
24,Cars12.png,400,141,3,122,82,277,117
25,Cars120.png,400,265,3,159,178,250,200
26,Cars121.png,400,300,3,336,192,357,204
27,Cars122.png,400,300,3,195,147,254,169
28,Cars123.png,400,300,3,159,221,237,242
29,Cars124.png,400,267,3,305,256,320,267
30,Cars125.png,400,260,3,280,196,355,257
31,Cars126.png,400,300,3,103,99,293,201
32,Cars127.png,400,267,3,360,166,383,181
33,Cars128.png,400,225,3,112,65,306,173
34,Cars129.png,530,398,3,204,213,282,267
35,Cars13.png,400,268,3,191,147,242,169
36,Cars130.png,400,267,3,91,110,166,140
37,Cars131.png,500,300,3,19,29,497,245
38,Cars132.png,400,225,3,378,188,400,200
39,Cars133.png,600,411,3,247,185,375,223
40,Cars134.png,400,267,3,76,151,133,174
41,Cars135.png,400,225,3,260,184,319,211
42,Cars136.png,400,267,3,164,104,245,119
43,Cars137.png,400,267,3,178,181,204,191
44,Cars138.png,400,301,3,153,141,254,185
45,Cars139.png,400,300,3,193,224,231,233
46,Cars14.png,400,225,3,94,118,274,163
47,Cars140.png,435,290,3,283,239,424,286
48,Cars141.png,400,267,3,266,169,307,188
49,Cars142.png,400,198,3,178,124,273,144
50,Cars143.png,400,267,3,316,195,349,205
51,Cars144.png,320,260,3,101,114,215,154
52,Cars145.png,435,290,3,282,236,422,283
53,Cars146.png,400,300,3,111,194,129,204
54,Cars147.png,500,268,3,226,125,420,169
55,Cars148.png,400,225,3,135,134,218,158
56,Cars149.png,400,281,3,212,182,245,203
57,Cars15.png,400,267,3,310,146,372,171
58,Cars150.png,400,300,3,122,198,262,232
59,Cars151.png,400,242,3,54,135,120,178
60,Cars152.png,467,300,3,92,258,199,284
61,Cars153.png,471,270,3,146,118,311,170
62,Cars154.png,375,500,3,70,197,264,265
63,Cars155.png,400,267,3,150,177,203,190
64,Cars156.png,400,200,3,114,78,230,102
65,Cars157.png,400,267,3,330,152,366,179
66,Cars158.png,400,300,3,97,118,296,210
67,Cars159.png,400,332,3,149,184,261,211
68,Cars16.png,400,221,3,36,175,62,186
69,Cars160.png,500,300,3,209,137,281,174
70,Cars161.png,507,388,3,312,283,406,311
71,Cars162.png,560,315,3,201,168,268,213
72,Cars163.png,590,350,3,220,173,360,200
73,Cars164.png,400,268,3,160,144,239,183
74,Cars165.png,590,343,3,209,217,293,254
75,Cars166.png,300,400,3,148,123,201,150
76,Cars167.png,500,400,3,176,254,327,285
77,Cars168.png,400,225,3,82,95,137,125
78,Cars169.png,400,200,3,114,79,229,101
79,Cars17.png,400,267,3,306,188,351,205
80,Cars170.png,500,365,3,318,190,346,224
81,Cars171.png,400,268,3,192,146,242,167
82,Cars172.png,457,422,3,173,209,301,239
83,Cars173.png,400,226,3,170,118,252,163
84,Cars174.png,400,225,3,103,150,122,158
85,Cars175.png,600,450,3,295,237,456,367
86,Cars176.png,400,250,3,72,67,308,185
87,Cars177.png,400,238,3,149,166,272,193
88,Cars178.png,300,223,3,126,180,173,205
89,Cars179.png,400,267,3,72,160,132,197
90,Cars18.png,507,388,3,313,286,405,311
91,Cars180.png,400,300,3,151,115,304,187
92,Cars181.png,225,400,3,69,195,128,209
93,Cars182.png,400,225,3,168,139,247,159
94,Cars183.png,590,350,3,97,138,234,170
95,Cars184.png,400,225,3,163,146,212,159
96,Cars185.png,400,267,3,154,147,293,194
97,Cars186.png,400,230,3,175,152,242,175
98,Cars187.png,400,225,3,96,116,287,155
99,Cars188.png,300,400,3,32,184,43,193
100,Cars189.png,435,290,3,285,241,423,286
101,Cars19.png,400,240,3,148,195,221,232
102,Cars190.png,400,300,3,149,210,245,235
103,Cars191.png,400,246,3,96,189,199,217
104,Cars192.png,323,227,3,108,150,211,173
105,Cars193.png,400,267,3,306,193,344,214
106,Cars194.png,400,266,3,267,170,316,183
107,Cars195.png,585,331,3,450,223,526,244
108,Cars196.png,400,259,3,105,128,130,140
109,Cars197.png,590,350,3,222,176,359,201
110,Cars198.png,442,333,3,166,225,273,246
111,Cars199.png,400,266,3,59,88,310,158
112,Cars2.png,400,400,3,229,176,270,193
113,Cars20.png,400,244,3,18,135,48,152
114,Cars200.png,400,246,3,95,189,195,217
115,Cars201.png,590,350,3,216,171,367,208
116,Cars202.png,300,225,3,197,135,249,159
117,Cars203.png,400,267,3,116,112,271,165
118,Cars204.png,500,375,3,193,145,279,187
119,Cars205.png,399,400,3,156,162,221,199
120,Cars206.png,400,300,3,95,185,164,206
121,Cars207.png,400,478,3,254,229,372,264
122,Cars208.png,400,268,3,142,123,232,169
123,Cars209.png,400,300,3,359,172,387,186
124,Cars21.png,400,301,3,191,165,255,192
125,Cars210.png,400,266,3,54,90,315,159
126,Cars211.png,400,295,3,28,64,387,235
127,Cars212.png,400,300,3,105,94,290,141
128,Cars213.png,400,300,3,150,160,233,194
129,Cars214.png,400,243,3,188,121,214,134
130,Cars215.png,400,225,3,92,105,162,123
131,Cars216.png,530,398,3,205,214,280,262
132,Cars217.png,400,240,3,149,196,223,231
133,Cars218.png,400,253,3,0,166,27,188
134,Cars219.png,600,450,3,127,172,462,236
135,Cars22.png,400,299,3,207,104,260,116
136,Cars220.png,400,265,3,142,168,188,182
137,Cars221.png,400,225,3,102,122,125,135
138,Cars222.png,400,230,3,178,158,235,170
139,Cars223.png,600,400,3,347,231,407,249
140,Cars224.png,480,360,3,181,250,243,275
141,Cars225.png,600,375,3,189,161,384,215
142,Cars226.png,400,267,3,249,194,318,213
143,Cars227.png,400,267,3,118,199,153,211
144,Cars228.png,400,197,3,86,127,113,143
145,Cars229.png,400,225,3,253,163,284,177
146,Cars23.png,400,299,3,143,172,213,211
147,Cars230.png,590,350,3,222,173,361,202
148,Cars231.png,400,267,3,64,160,133,180
149,Cars232.png,400,300,3,175,174,228,201
150,Cars233.png,400,151,3,189,55,259,78
151,Cars234.png,400,233,3,160,149,246,171
152,Cars235.png,400,225,3,152,145,247,167
153,Cars236.png,400,176,3,223,106,250,119
154,Cars237.png,236,314,3,118,148,154,169
155,Cars238.png,600,400,3,276,186,396,273
156,Cars239.png,500,400,3,176,254,326,284
157,Cars24.png,400,300,3,167,202,240,221
158,Cars240.png,400,225,3,171,116,232,132
159,Cars241.png,400,267,3,126,142,241,199
160,Cars242.png,400,400,3,224,170,277,199
161,Cars243.png,600,450,3,129,174,465,235
162,Cars244.png,400,300,3,20,87,360,155
163,Cars245.png,400,267,3,91,110,164,138
164,Cars246.png,400,267,3,49,163,112,193
165,Cars247.png,400,225,3,147,11,300,149
166,Cars248.png,400,300,3,184,143,311,191
167,Cars249.png,400,247,3,300,208,354,226
168,Cars25.png,400,225,3,177,139,216,159
169,Cars250.png,400,248,3,132,123,261,160
170,Cars251.png,400,225,3,136,134,210,153
171,Cars252.png,500,380,3,174,237,314,274
172,Cars253.png,400,210,3,25,124,64,137
173,Cars254.png,400,367,3,166,175,235,207
174,Cars255.png,400,267,3,116,156,273,188
175,Cars256.png,400,245,3,286,175,400,212
176,Cars257.png,400,300,3,167,132,241,166
177,Cars258.png,400,266,3,158,184,230,232
178,Cars259.png,600,338,3,324,166,475,205
179,Cars26.png,400,225,3,258,184,321,213
180,Cars260.png,400,240,3,170,112,232,129
181,Cars261.png,480,360,3,1,74,464,154
182,Cars262.png,400,301,3,243,184,285,205
183,Cars263.png,400,292,3,129,260,232,290
184,Cars264.png,400,400,3,222,300,295,337
185,Cars265.png,400,218,3,87,166,216,212
186,Cars266.png,400,225,3,154,45,393,176
187,Cars267.png,415,220,3,274,118,343,138
188,Cars268.png,300,225,3,213,133,271,168
189,Cars269.png,400,300,3,110,199,147,217
190,Cars27.png,400,225,3,148,127,245,159
191,Cars270.png,400,225,3,75,173,125,195
192,Cars271.png,400,266,3,262,141,318,160
193,Cars272.png,558,229,3,170,81,316,121
194,Cars273.png,590,350,3,74,132,264,173
195,Cars274.png,400,300,3,196,149,253,169
196,Cars275.png,400,215,3,99,150,162,167
197,Cars276.png,400,267,3,115,116,276,156
198,Cars277.png,400,291,3,373,212,388,217
199,Cars278.png,400,201,3,278,138,315,163
200,Cars279.png,400,300,3,42,131,202,243
201,Cars28.png,600,425,3,541,366,598,384
202,Cars280.png,400,267,3,191,185,213,195
203,Cars281.png,400,247,3,151,169,243,183
204,Cars282.png,350,263,3,37,145,319,203
205,Cars283.png,400,205,3,137,171,157,178
206,Cars284.png,375,500,3,70,199,260,271
207,Cars285.png,400,267,3,91,111,163,134
208,Cars286.png,500,375,3,201,191,288,230
209,Cars287.png,400,332,3,148,180,262,213
210,Cars288.png,400,215,3,97,148,164,169
211,Cars289.png,400,307,3,163,140,271,173
212,Cars29.png,400,299,3,143,171,211,208
213,Cars290.png,400,267,3,224,84,271,118
214,Cars291.png,517,303,3,71,205,215,246
215,Cars292.png,400,267,3,91,187,137,208
216,Cars293.png,400,267,3,64,160,130,181
217,Cars294.png,400,267,3,142,117,218,135
218,Cars295.png,400,256,3,237,143,271,162
219,Cars296.png,400,318,3,163,158,234,196
220,Cars297.png,400,233,3,158,149,247,170
221,Cars298.png,400,268,3,166,148,233,184
222,Cars299.png,400,300,3,101,136,270,176
223,Cars3.png,400,225,3,142,128,261,157
224,Cars30.png,400,240,3,155,169,200,182
225,Cars300.png,400,225,3,259,185,317,215
226,Cars301.png,500,232,3,205,107,303,135
227,Cars302.png,500,234,3,222,98,425,149
228,Cars303.png,400,300,3,150,211,247,237
229,Cars304.png,400,226,3,143,114,222,156
230,Cars305.png,450,270,3,361,167,434,183
231,Cars306.png,400,400,3,139,282,249,310
232,Cars307.png,600,417,3,172,163,437,220
233,Cars308.png,400,300,3,159,221,237,241
234,Cars309.png,400,225,3,152,122,252,207
235,Cars31.png,400,245,3,286,173,400,211
236,Cars310.png,600,531,3,241,369,348,417
237,Cars311.png,400,267,3,67,91,95,98
238,Cars312.png,590,350,3,111,66,518,246
239,Cars313.png,400,319,3,176,211,252,246
240,Cars314.png,400,209,3,195,149,274,209
241,Cars315.png,400,300,3,12,98,385,181
242,Cars316.png,600,450,3,379,192,455,220
243,Cars317.png,400,300,3,164,202,240,220
244,Cars318.png,400,225,3,119,117,263,160
245,Cars319.png,400,342,3,167,228,232,259
246,Cars32.png,400,300,3,200,149,251,167
247,Cars320.png,375,500,3,99,225,257,266
248,Cars321.png,301,400,3,134,235,169,246
249,Cars322.png,400,354,3,274,257,350,297
250,Cars323.png,400,225,3,123,28,279,65
251,Cars324.png,400,225,3,151,138,255,159
252,Cars325.png,400,226,3,230,180,262,196
253,Cars326.png,400,300,3,141,198,252,230
254,Cars327.png,400,248,3,138,126,262,155
255,Cars328.png,400,233,3,156,149,248,170
256,Cars329.png,400,255,3,166,142,224,176
257,Cars33.png,400,225,3,94,56,306,169
258,Cars330.png,400,300,3,385,172,399,181
259,Cars331.png,560,420,3,164,220,235,240
260,Cars332.png,400,225,3,143,126,260,159
261,Cars333.png,400,267,3,117,157,270,191
262,Cars334.png,400,204,3,155,146,211,162
263,Cars335.png,399,400,3,156,163,221,198
264,Cars336.png,400,300,3,122,195,265,234
265,Cars337.png,400,300,3,119,131,136,154
266,Cars338.png,400,267,3,297,193,316,205
267,Cars339.png,500,300,3,209,135,283,169
268,Cars34.png,400,332,3,147,181,260,206
269,Cars340.png,400,200,3,270,126,321,143
270,Cars341.png,400,267,3,47,161,115,192
271,Cars342.png,400,300,3,196,148,253,169
272,Cars343.png,400,300,3,110,186,162,209
273,Cars344.png,450,299,3,240,158,379,217
274,Cars345.png,400,299,3,173,143,247,182
275,Cars346.png,400,246,3,91,185,197,217
276,Cars347.png,400,210,3,227,124,252,135
277,Cars348.png,400,225,3,156,121,250,204
278,Cars349.png,400,267,3,38,225,146,249
279,Cars35.png,400,267,3,91,186,137,208
280,Cars350.png,400,268,3,162,179,211,188
281,Cars351.png,400,225,3,249,48,368,129
282,Cars352.png,300,400,3,77,181,94,191
283,Cars353.png,400,246,3,93,189,201,221
284,Cars354.png,400,267,3,65,202,102,222
285,Cars355.png,400,266,3,164,154,239,190
286,Cars356.png,550,367,3,241,216,364,275
287,Cars357.png,400,267,3,92,187,137,207
288,Cars358.png,400,200,3,296,122,358,135
289,Cars359.png,400,284,3,228,228,266,240
290,Cars36.png,500,375,3,203,193,285,229
291,Cars360.png,400,225,3,52,167,94,200
292,Cars361.png,400,300,3,148,113,305,178
293,Cars362.png,400,300,3,139,172,162,179
294,Cars363.png,400,265,3,153,169,254,204
295,Cars364.png,400,242,3,61,140,115,167
296,Cars365.png,600,399,3,293,205,373,226
297,Cars366.png,471,270,3,144,112,316,160
298,Cars367.png,450,299,3,224,161,382,222
299,Cars368.png,400,300,3,173,173,223,203
300,Cars369.png,500,400,3,176,253,325,280
301,Cars37.png,400,268,3,146,114,246,163
302,Cars370.png,435,290,3,285,249,425,276
303,Cars371.png,400,190,3,313,135,371,150
304,Cars372.png,560,420,3,221,275,353,309
305,Cars373.png,400,225,3,161,132,264,157
306,Cars374.png,508,262,3,354,118,441,142
307,Cars375.png,400,300,3,144,114,300,145
308,Cars376.png,400,265,3,159,178,252,203
309,Cars377.png,400,225,3,177,138,216,161
310,Cars378.png,400,307,3,118,92,254,137
311,Cars379.png,400,353,3,197,197,351,245
312,Cars38.png,386,400,3,168,196,240,231
313,Cars380.png,400,225,3,316,91,364,126
314,Cars381.png,400,225,3,65,131,147,155
315,Cars382.png,400,300,3,149,206,285,240
316,Cars383.png,400,267,3,54,216,88,228
317,Cars384.png,400,300,3,219,194,271,230
318,Cars385.png,400,250,3,69,75,310,191
319,Cars386.png,600,450,3,83,307,221,368
320,Cars387.png,430,286,3,163,187,256,225
321,Cars388.png,400,300,3,149,130,255,158
322,Cars389.png,600,450,3,77,305,222,370
323,Cars39.png,400,300,3,225,180,328,213
324,Cars390.png,400,300,3,6,144,49,162
325,Cars391.png,431,242,3,270,163,320,190
326,Cars392.png,400,262,3,144,150,260,209
327,Cars393.png,400,218,3,94,171,211,208
328,Cars394.png,555,416,3,291,167,410,190
329,Cars395.png,400,301,3,241,182,288,205
330,Cars396.png,282,400,3,181,264,269,289
331,Cars397.png,400,299,3,144,169,216,212
332,Cars398.png,400,300,3,72,139,196,222
333,Cars399.png,400,225,3,106,62,309,161
334,Cars4.png,590,350,3,156,82,503,253
335,Cars40.png,400,225,3,261,186,317,211
336,Cars400.png,400,267,3,303,191,340,217
337,Cars401.png,400,300,3,158,223,238,240
338,Cars402.png,450,270,3,360,165,438,181
339,Cars403.png,400,320,3,23,173,54,192
340,Cars404.png,370,400,3,162,208,235,244
341,Cars405.png,586,331,3,241,207,299,232
342,Cars406.png,600,411,3,285,185,374,226
343,Cars407.png,400,267,3,311,183,346,202
344,Cars408.png,400,267,3,160,217,187,228
345,Cars409.png,320,276,3,116,146,203,168
346,Cars41.png,301,400,3,109,182,159,206
347,Cars410.png,301,400,3,51,150,219,212
348,Cars411.png,400,268,3,160,153,249,197
349,Cars412.png,590,350,3,221,172,362,202
350,Cars413.png,400,256,3,51,170,73,183
351,Cars414.png,400,267,3,269,206,309,228
352,Cars415.png,400,300,3,133,157,261,192
353,Cars416.png,400,300,3,150,207,234,221
354,Cars417.png,400,295,3,90,145,273,196
355,Cars418.png,400,225,3,99,70,303,155
356,Cars419.png,400,353,3,195,196,349,242
357,Cars42.png,400,225,3,177,140,217,159
358,Cars420.png,400,300,3,112,186,160,211
359,Cars421.png,400,299,3,95,162,127,183
360,Cars422.png,600,338,3,159,126,296,182
361,Cars423.png,400,250,3,162,159,283,183
362,Cars424.png,600,450,3,128,173,461,242
363,Cars425.png,500,232,3,211,103,301,132
364,Cars426.png,400,300,3,148,206,282,238
365,Cars427.png,600,450,3,236,193,375,228
366,Cars428.png,400,225,3,142,128,258,157
367,Cars429.png,301,400,3,86,166,208,195
368,Cars43.png,471,270,3,142,111,319,161
369,Cars430.png,400,225,3,38,159,116,197
370,Cars431.png,400,192,3,55,82,343,147
371,Cars432.png,467,300,3,95,258,196,284
372,Cars44.png,443,332,3,18,153,430,271
373,Cars45.png,400,251,3,204,103,280,175
374,Cars46.png,400,353,3,189,193,352,248
375,Cars47.png,400,300,3,6,143,48,161
376,Cars48.png,400,225,3,95,117,286,155
377,Cars49.png,400,253,3,268,171,314,190
378,Cars5.png,400,295,3,226,218,242,240
379,Cars50.png,590,350,3,116,55,525,262
380,Cars51.png,400,266,3,264,141,318,162
381,Cars52.png,400,300,3,226,181,327,210
382,Cars53.png,400,288,3,146,187,260,213
383,Cars54.png,400,300,3,148,61,257,118
384,Cars55.png,400,299,3,143,171,210,208
385,Cars56.png,400,192,3,87,82,339,146
386,Cars57.png,431,242,3,270,162,321,195
387,Cars58.png,400,247,3,154,166,241,187
388,Cars59.png,400,300,3,324,162,375,175
389,Cars6.png,500,375,3,112,114,373,239
390,Cars60.png,400,300,3,45,98,364,159
391,Cars61.png,400,300,3,71,124,198,231
392,Cars62.png,400,300,3,156,110,243,159
393,Cars63.png,400,266,3,54,201,91,226
394,Cars64.png,400,267,3,120,187,325,220
395,Cars65.png,520,424,3,207,200,300,260
396,Cars66.png,400,299,3,144,170,211,202
397,Cars67.png,553,275,3,189,223,328,248
398,Cars68.png,400,268,3,189,142,245,171
399,Cars69.png,400,267,3,77,150,124,175
400,Cars7.png,400,279,3,166,141,206,154
401,Cars70.png,400,226,3,179,115,213,133
402,Cars71.png,400,225,3,86,150,125,161
403,Cars72.png,400,332,3,156,182,255,208
404,Cars73.png,400,225,3,119,22,283,69
405,Cars74.png,400,267,3,115,115,277,153
406,Cars75.png,400,248,3,209,196,218,201
407,Cars76.png,480,360,3,6,114,470,233
408,Cars77.png,400,270,3,229,151,309,178
409,Cars78.png,400,300,3,149,210,249,239
410,Cars79.png,600,531,3,238,363,350,422
411,Cars8.png,500,232,3,204,104,304,134
412,Cars80.png,400,295,3,94,148,279,186
413,Cars81.png,400,300,3,297,100,327,125
414,Cars82.png,400,151,3,190,59,257,77
415,Cars83.png,600,450,3,251,295,326,341
416,Cars84.png,400,300,3,167,201,238,220
417,Cars85.png,400,267,3,313,129,358,141
418,Cars86.png,586,331,3,332,176,447,204
419,Cars87.png,400,290,3,345,168,365,177
420,Cars88.png,400,300,3,168,148,242,171
421,Cars89.png,400,262,3,227,222,253,230
422,Cars9.png,442,333,3,164,224,272,247
423,Cars90.png,400,300,3,77,204,101,225
424,Cars91.png,400,253,3,269,170,317,189
425,Cars92.png,600,400,3,281,185,393,271
426,Cars93.png,400,251,3,347,122,367,132
427,Cars94.png,400,319,3,176,210,251,248
428,Cars95.png,600,400,3,278,182,407,263
429,Cars96.png,400,248,3,133,126,261,160
430,Cars97.png,400,300,3,98,102,297,191
431,Cars98.png,370,400,3,85,196,247,259
432,Cars99.png,375,500,3,70,198,262,271
